{
    "avg_prec": {
        "train": 0.9830092969608308,
        "test": 0.9375351728324153
    },
    "roc_auc": {
        "train": 0.9918250526706409,
        "test": 0.9553585091140098
    }
}
