{
    "avg_prec": {
        "train": 0.9828844814102539,
        "test": 0.93627965291999
    },
    "roc_auc": {
        "train": 0.9917479171155642,
        "test": 0.9545481945867743
    }
}
