{
    "avg_prec": {
        "train": 0.9819285553044372,
        "test": 0.9347940189923669
    },
    "roc_auc": {
        "train": 0.9913394203835381,
        "test": 0.953931474517405
    }
}
